#,Song,Artist,BPM,Camelot,Energy,Added At,Duration,Popularity,Genres,Album,Album Date,Dance,Acoustic,Instrumental,Valence,Speech,Live,Loud (Db),Key,Time Signature,Spotify Track Id,ISRC
1,"golden hour","JVKE",94,12B,59,2026-03-12,03:29,77,"","this is what falling in love feels like (554Hz)",2022-10-03,52,65,16,15,0,20,-5,E Major,3,4yNk9iz9WVJikRFle3XEvn,GBKPL2204171
2,"Primavera","Ludovico Einaudi,Robert Ziegler,Royal Philharmonic Orchestra",142,5A,21,2026-02-26,07:22,65,"neoclassical, classical, contemporary classical, orchestral","Divenire (Deluxe Edition)",2006-01-01,23,97,86,14,0,10,-14,C Minor,3,4BMHp3DkI8VLsuB9Kr0pzu,ITB280600006
3,"Jack Sparrow - From  Pirates of the Caribbean ","Klaus Badelt,Hans Zimmer,Kian Soltani",195,9B,45,2026-02-26,03:46,35,"soundtrack, score, chamber music, classical","Jack Sparrow (From  Pirates of the Caribbean )",2021-09-10,46,94,79,79,0,0,-12,G Major,3,4jL1u9WpN7PjRlhhIt5EgJ,DEN962130401
4,"Mr. Blue Sky","Electric Light Orchestra",178,6B,34,2026-02-26,05:03,81,"art rock, soft rock","Out of the Blue",1977-00-00,39,65,0,48,0,20,-10,A#/B♭ Major,4,2RlgNHKcydI9sayD2Df2xp,USSM17200399
5,"Levels - Radio Edit","Avicii",126,12A,89,2026-02-26,03:19,81,"edm","Levels",2011-10-28,58,5,83,46,0,30,-6,C♯/D♭ Minor,4,5UqCQaDshqbIk3pkhy4Pjg,SEUM71100962
6,"Take on Me","a-ha",84,11A,90,2026-02-26,03:45,88,"new wave, synthpop","Hunting High and Low",1985-06-01,57,2,0,88,0,0,-8,F#/G♭ Minor,4,2WfaOiMkCvy7F5fcp2zZ8L,USWB19901214
7,"Sweet Dreams (Are Made of This) - 2005 Remaster","Eurythmics,Annie Lennox,Dave Stewart",125,5A,71,2026-02-26,03:36,85,"new wave, synthpop, ","Sweet Dreams (Are Made Of This)",1983-01-04,69,23,0,88,0,10,-7,C Minor,4,1TfqLAPs4K3s2rJMoCokcS,GBARL0300589
8,"Sweet Child O' Mine","Guns N' Roses",125,2B,95,2026-02-25,05:56,88,"rock, glam metal, hard rock, classic rock","Appetite For Destruction",1987-07-21,45,9,8,62,0,10,-5,F#/G♭ Major,4,7snQQk1zcKl8gZ92AnueZW,USGF18714809
9,"Survivor","2WEI,Edda Hayes",133,9B,54,2026-02-25,03:15,65,"","Sequels",2018-09-20,35,10,27,10,0,10,-10,G Major,4,2UIkO1w2lTXDb0BLzy262r,US43C1608185
10,"Snow (Hey Oh)","Red Hot Chili Peppers",105,1B,90,2026-02-25,05:34,84,"funk rock, alternative rock, rock","Stadium Arcadium",2006-05-09,43,12,0,60,0,10,-4,B Major,4,2aibwv5hGXSgw7Yru8IYTO,USWB10601591
11,"Rock with You - Single Version","Michael Jackson",114,3B,54,2026-02-23,03:39,82,"","Off the Wall",1979-08-10,81,18,0,85,0,10,-13,C♯/D♭ Major,4,7oOOI85fVQvVnK5ynNMdW7,USSM17900817
12,"Knockin' On Heaven's Door","Guns N' Roses",132,2B,74,2026-02-23,05:36,82,"rock, glam metal, hard rock, classic rock","Use Your Illusion II",1991-09-18,50,2,0,38,0,10,-7,F#/G♭ Major,4,4JiEyzf0Md7KEFFGWDDdCr,USGF19142004
13,"Cheri Cheri Lady","Modern Talking",114,6B,62,2026-02-23,03:46,81,"europop, italo disco, eurodance","Let's Talk About Love",1985-00-00,68,46,1,85,0,30,-14,A#/B♭ Major,4,2aEuA8PSqLa17Y4hKPj5rr,DEC738500001
14,"Notion","The Rare Occasions",159,11B,88,2026-02-23,03:15,84,"","Notion",2021-12-02,31,7,0,31,0,0,-4,A Major,4,0sTlGEld0h8kIPZaKDYUf4,USHM21617726
15,"Hoist The Colours","The Wellermen,Ebucs,Eric Hollaway,Big Brev,Davide Dalmonte,Bobby Bass,Jesse Elkins,Luke G. Taylor",95,3B,30,2026-02-23,04:38,62,"sea shanties, celtic","The Wellermen",2023-02-10,29,62,0,24,0,10,-14,C♯/D♭ Major,3,2zdNjnpw2V1DBpx653KK8M,GX2Y42200060
16,"Earth Song","Michael Jackson",138,2A,44,2026-02-18,06:45,73,"","HIStory - PAST, PRESENT AND FUTURE - BOOK I",1995-06-16,50,48,0,14,0,0,-8,D#/E♭ Minor,4,4GCGH6TJ69neckwITeBFXK,USSM19500010
17,"Paradise","Coldplay",140,7B,59,2026-02-15,04:38,85,"","Mylo Xyloto",2011-10-24,45,5,0,21,0,0,-7,F Major,4,6nek1Nin9q48AVZcWs9e9D,GBAYE1101143
18,"Hey Mama (feat. Nicki Minaj, Bebe Rexha & Afrojack)","David Guetta,AFROJACK,Bebe Rexha,Nicki Minaj",86,11B,73,2026-02-15,03:12,74,"edm, big room, ","Listen",2014-11-10,60,24,0,53,10,30,-4,A Major,4,285HeuLxsngjFn4GGegGNm,GB28K1400058
19,"There's Nothing Holdin' Me Back","Shawn Mendes",122,10A,81,2026-02-15,03:19,87,"","Illuminate (Deluxe)",2017-04-20,87,38,0,97,0,0,-4,B Minor,4,7JJmb5XwzOO8jgpou264Ml,USUM71702833
20,"Memories (feat. Kid Cudi)","David Guetta,Kid Cudi",130,4B,87,2026-02-15,03:30,83,"edm, ","One More Love",2010-11-22,56,0,0,50,30,20,-6,G#/A♭ Major,4,7fLzbEOBOae9lUnOwr7Tse,FRZID0900480
21,"House of Memories","Panic! At The Disco",110,10A,82,2026-02-15,03:28,80,"emo","Death of a Bachelor",2016-01-15,51,0,0,51,0,0,-5,B Minor,4,2DgdHcjWmO3qd50RzuBLgZ,USAT21503701
22,"Should I Stay or Should I Go - Remastered","The Clash",113,10B,84,2026-02-15,03:08,84,"punk","Combat Rock (Remastered)",1982-00-00,74,8,0,82,10,30,-6,D Major,4,39shmbIHICJ2Wxnk1fPSdz,GBARL1200670
23,"Don't Stop 'Til You Get Enough","Michael Jackson",119,1B,82,2026-02-11,06:04,81,"","Off the Wall",1979-08-10,88,13,5,95,0,10,-10,B Major,4,46eu3SBuFCXWsPT39Yg3tJ,USSM17900816
24,"Don't Worry (with Ray Dalton) - Radio Edit","Madcon,Ray Dalton",123,9B,70,2026-02-11,03:34,78,"norwegian hip hop, ","Don't Worry (feat. Ray Dalton)",2015-04-10,81,7,0,73,10,10,-5,G Major,4,63CSozvYUEudPp12679UVF,NO5281501010
25,"Summer","Calvin Harris",128,9A,86,2026-02-11,03:42,85,"edm","Motion",2014-10-31,60,2,2,74,0,10,-4,E Minor,4,6YUTL4dYpB9xZO5qExPf05,GBARL1400296
26,"Hymn for the Weekend","Coldplay",90,5A,69,2026-02-11,04:18,84,"","A Head Full of Dreams",2015-12-04,49,21,0,41,0,30,-6,C Minor,4,3RiPr603aXAoi4GHyXx0uy,GBAYE1500979
27,"The Hanging Tree - From  The Hunger Games: Mockingjay  Soundtraclk","James Newton Howard,Jennifer Lawrence",54,8A,7,2026-02-09,03:38,71,"soundtrack, score, ","The Hunger Games: Mockingjay Pt. 1 (Original Motion Picture Score)",2014-11-21,21,34,0,14,0,20,-18,A Minor,4,416MsJxvxSKY96DCmbJIRs,USUG11401803
28,"They Don't Care About Us","Michael Jackson",90,5A,91,2026-02-09,04:44,83,"","HIStory - PAST, PRESENT AND FUTURE - BOOK I",1995-06-16,86,21,1,73,10,30,-6,C Minor,4,3wuCCNCnBhJlwkIJTBZFiv,USSM19500629
29,"I Gotta Feeling","Black Eyed Peas",128,8B,77,2026-02-06,04:49,84,"","THE E.N.D. (THE ENERGY NEVER DIES) [Deluxe Version]",2009-01-01,74,9,0,61,0,50,-6,C Major,4,4kLLWz7srcuLKA7Et40PQR,USUM70965169
30,"Feeling Good","Michael Bublé",115,3B,53,2026-02-04,03:57,71,"christmas","It's Time (20th Anniversary Deluxe Edition)",2004-00-00,42,53,0,43,0,10,-7,C♯/D♭ Major,3,6lRU3pKjNnSI9svHzznkC6,USRE11300257
31,"Runaway Baby","Bruno Mars",164,3A,76,2026-02-04,02:28,76,"","Doo-Wops & Hooligans",2010-05-11,66,26,0,82,0,10,-3,A#/B♭ Minor,4,7hCNBVRhHzcsRAv0TQnOzq,USAT21001885
32,"Something In The Way","Nirvana",105,4B,20,2026-02-04,03:52,73,"grunge, rock","Nevermind (Remastered)",1991-09-26,43,75,26,7,0,10,-13,G#/A♭ Major,4,4gHnSNHs8RyVukKoWdS99f,USGF19942512
33,"HandClap","Fitz and The Tantrums",140,4B,84,2026-02-04,03:13,70,"","Fitz and The Tantrums",2016-06-10,64,1,0,72,0,0,-3,G#/A♭ Major,4,7j56HrjR9cGzvekvZY3Faz,USAT21600408
34,"Bitter Sweet Symphony - Remastered 2016","The Verve",171,11B,92,2026-02-04,05:57,85,"britpop, shoegaze","Urban Hymns (Remastered 2016)",1997-09-29,36,3,0,52,0,40,-6,A Major,4,57iDDD9N9tTWe75x6qhStw,GBUM71601816
35,"Roxanne","The Police",134,8B,75,2026-02-04,03:11,79,"","Outlandos D'Amour (Remastered 2003)",1978-11-02,62,4,0,66,30,0,-9,C Major,4,3EYOJ48Et32uATr9ZmLnAo,GBAAM0201086
36,"Love Me Again","John Newman",126,7A,89,2026-02-04,03:59,80,"","Tribute",2013-01-01,50,0,0,21,0,10,-5,D Minor,4,5TbzAWWc5eJaANpA9kfGCd,GBUM71301538
37,"As It Was","Harry Styles",174,11A,73,2026-02-04,02:47,91,"","Harry's House",2022-05-20,52,34,0,66,0,30,-5,F#/G♭ Minor,4,4Dvkj6JhhA12EX05fT7y2e,USSM12200612
38,"Welcome To The Jungle","Guns N' Roses",124,4B,99,2026-02-04,04:33,85,"rock, glam metal, hard rock, classic rock","Appetite For Destruction",1987-07-21,45,2,28,32,0,20,-4,G#/A♭ Major,4,0G21yYKMZoHa30cYVi1iA8,USGF18714801
39,"Dream On","Aerosmith",78,3B,48,2026-02-03,04:27,85,"classic rock, rock","Aerosmith",1973-01-05,39,40,0,23,0,30,-8,C♯/D♭ Major,4,1xsYj84j7hUDDnTTerGWlH,USSM10011897
40,"Golden Brown - Slowed Down Version","The Stranglers",157,5A,42,2026-02-03,04:08,82,"proto-punk, new wave","Golden Brown",1981-12-28,53,14,6,42,0,10,-13,C Minor,3,612bl0KHzyyxEhPzuMqM6e,GBAYE2500725
41,"Mary On A Cross","Ghost",130,1B,90,2026-02-03,04:04,80,"metal, hard rock","Seven Inches of Satanic Panic",2019-09-13,46,0,0,56,0,10,-4,B Major,4,2wBnZdVWa5jVpvYRfGU7rP,USC4R1902750
42,"Rasputin - Single Version","Boney M.",126,11A,72,2026-01-30,03:40,73,"disco","Fantastic Boney M.",1984-12-03,69,47,0,97,0,40,-13,F#/G♭ Minor,4,67hbP9PFQZrb4XZc3TzB0s,DED167800002
43,"Sailor Song","Gigi Perez",95,1B,39,2026-01-29,03:31,88,"","At The Beach, In Every Life",2025-04-25,50,63,0,27,0,10,-10,B Major,4,21IYMdzTrzSe191Cy5eMap,USHM92438095
44,"Outro","M83",109,10B,26,2026-01-28,04:07,75,"","Hurry up, We're Dreaming",2011-10-17,16,3,9,8,0,0,-11,D Major,4,1s9i7W8zx7Nxx78MUIsvjV,GB55H1100022
45,"Midnight City","M83",105,10A,73,2026-01-28,04:03,81,"","Hurry up, We're Dreaming",2011-10-17,51,2,0,27,0,0,-5,B Minor,4,6GyFP1nfCDB8lbD2bG0Hq9,GB55H1100002
46,"Feel It Still","Portugal. The Man",79,12A,80,2026-01-28,02:43,83,"","Woodstock",2017-06-16,80,4,0,75,0,0,-5,C♯/D♭ Minor,4,6QgjcU0zLnzq5OrUoSZ3OK,USAT21700437
47,"Rasputin","Majestic,Boney M.",128,11A,91,2026-01-28,03:06,80,"disco","Rasputin",2021-02-26,76,0,0,66,10,10,-3,F#/G♭ Minor,4,0b18g3G5spr4ZCkz7Y6Q0Q,DEE862100256
48,"Pumped Up Kicks","Foster The People",128,4A,71,2026-01-28,03:59,85,"","Torches",2011-05-23,73,14,12,97,0,10,-6,F Minor,4,7w87IxuO7BDcJ3YUqCyMTT,USSM11002931
49,"Pump It","Black Eyed Peas",154,12A,93,2026-01-27,03:33,83,"","Monkey Business",2005-01-01,65,1,0,74,10,70,-3,C♯/D♭ Minor,4,2ygMBIctKIAfbEBcT9065L,USIR10500407
50,"Flight","Hans Zimmer",80,7B,36,2026-01-27,04:18,62,"soundtrack, score","Man of Steel (Original Motion Picture Soundtrack)",2013-06-11,8,25,85,5,0,10,-15,F Major,4,1mUG7ftwIxuq5fhMPkyM02,USNLR1300273
51,"Clocks","Coldplay",131,4A,75,2026-01-27,05:07,86,"","A Rush of Blood to the Head",2002-08-27,58,60,1,26,0,10,-7,F Minor,4,0BCPKOYdS2jbQ8iyB56Zns,GBAYE0200771
52,"Adventure of a Lifetime","Coldplay",112,9B,92,2026-01-27,04:23,87,"","A Head Full of Dreams",2015-12-04,64,0,0,53,0,10,-4,G Major,4,69uxyAqqPIsUyTO8txoP2M,GBAYE1500981
53,"back to friends","sombr",93,3B,72,2026-01-27,03:19,92,"","I Barely Know Her",2025-08-22,44,0,0,24,0,0,-2,C♯/D♭ Major,4,7qjZnBKE73H4Oxkopwulqe,USWB12405502
54,"Golden Brown","The Stranglers",94,2B,38,2026-01-27,03:26,83,"proto-punk, new wave","La Folie",1981-00-00,56,14,12,60,0,10,-15,F#/G♭ Major,3,2AX5E86cn9n2dgioZEjirI,GBAYE8100053
55,"Light The Fuse","Michael Giacchino",110,4A,54,2026-01-27,02:01,41,"soundtrack, score","Mission: Impossible - Ghost Protocol (Music From The Motion Picture)",2012-01-01,66,89,89,70,0,0,-6,F Minor,3,4GTd6PgryJx2nJ2P4fs2Cr,US3M51112802
56,"Quantum Mechanics","Ludwig Göransson",99,9A,28,2026-01-27,03:00,58,"score, soundtrack","Oppenheimer (Original Motion Picture Soundtrack)",2023-07-21,33,51,34,9,0,0,-15,E Minor,3,09I8yYd9egMHOLDRFenYrV,USQ4E2204393
57,"Fallout","Lorne Balfe",169,8B,40,2026-01-27,01:30,45,"soundtrack, score","Mission: Impossible - Fallout (Music from the Motion Picture)",2018-07-13,43,34,90,14,0,0,-13,C Major,5,0llzwIl1LZHvOW2GIKJ3jQ,USKLP1800097
58,"End of Beginning","Djo",160,10B,45,2026-01-27,02:39,98,"","DECIDE",2022-09-16,69,4,0,91,0,0,-8,D Major,4,3qhlB30KknSejmIvZZLjOD,GBKPL2205058
59,"snowfall","Øneheart,reidenshi",95,6B,9,2026-01-27,02:04,83,"dark ambient, ambient","snowfall",2022-01-14,47,93,80,8,0,40,-27,A#/B♭ Major,4,4xF4ZBGPZKxECeDFrqSAG4,QM3DF2191341
60,"Numb","Linkin Park",110,11A,87,2026-01-23,03:07,88,"nu metal, rap metal, rock, alternative metal","Meteora",2003-03-25,49,0,0,21,0,40,-4,F#/G♭ Minor,4,2nLtzopw4rPReszdYBJU6h,USWB10300474
61,"What I've Done","Linkin Park",120,7B,94,2026-01-23,03:25,86,"nu metal, rap metal, rock, alternative metal","Minutes to Midnight",2007-05-14,63,1,0,29,0,10,-5,F Major,4,18lR4BzEs7e3qzc0KVkTpU,USWB10700721
62,"Dirty Deeds Done Dirt Cheap","AC/DC",136,10A,91,2026-01-21,03:52,75,"rock, hard rock, classic rock, rock and roll","Dirty Deeds Done Dirt Cheap",1976-09-20,67,21,0,51,10,10,-5,B Minor,4,2d4e45fmUnguxh6yqC7gNT,AUAP07600046
63,"Pompeii","Bastille",127,11B,72,2026-01-21,03:34,75,"","All This Bad Blood",2013-01-01,68,8,0,57,0,20,-6,A Major,4,4Ub8UsjWuewQrPhuepfVpd,GBAAA1200795
64,"Fog Bound","Klaus Badelt",86,9A,9,2026-01-17,02:16,50,"soundtrack","Pirates of the Caribbean: The Curse of the Black Pearl (Original Motion Picture Soundtrack)",2003-07-22,23,87,53,4,0,0,-23,E Minor,4,3rPmRqTPwBs5qCotzfqpwO,USWD10321327
65,"Petricor","Ludovico Einaudi,Daniel Hope",108,9B,31,2026-01-17,06:34,56,"neoclassical, classical, contemporary classical","Elements (Deluxe)",2015-10-16,23,85,85,4,0,0,-15,G Major,4,4XWqS8UGO5x4ClB2yH0nbW,ITB281500143
66,"Suzume","RADWIMPS,Toaka",78,7A,41,2026-01-14,03:58,71,"anime, j-pop, j-rock","Suzume (Motion Picture Soundtrack)",2022-11-10,56,65,0,36,0,30,-7,D Minor,4,1n1y2kFPISpF9WGD3JaFo5,JPV972200075
67,"Wind","Akeboshi",117,5A,48,2026-01-14,03:40,70,"anime","Akeboshi",2005-06-22,37,48,0,60,0,0,-8,C Minor,1,5BqKtuCFLfZyzfZOwlgW1f,JPES00500781
68,"Stereo Hearts (feat. Adam Levine)","Gym Class Heroes,Adam Levine",90,11B,80,2026-01-14,03:30,84,"","The Papercut Chronicles II",2011-11-11,65,3,0,80,10,20,-3,A Major,4,0qOnSQQF0yzuPWsXrQ9paz,USAT21101071
69,"Jacob and the Stone","Emile Mosseri",84,3B,17,2026-01-14,01:38,74,"","Minari (Original Motion Picture Soundtrack)",2021-02-12,19,92,94,11,0,10,-18,C♯/D♭ Major,4,2nltARCkZyrzjQANViDpuX,USQX92005302
70,"The Battle of the Pelennor Fields","Howard Shore",121,9A,40,2026-01-13,04:10,54,"soundtrack, score","The Lord of the Rings - The Return of the King - The Complete Recordings (Limited Edition)",2003-12-16,18,47,96,7,0,0,-15,E Minor,5,2pSMjadGmWcUbIF5eqLUxE,USRE10701442
71,"Don't Stop Me Now - Remastered 2011","Queen",156,7B,87,2026-01-13,03:29,83,"classic rock, rock, glam rock","Jazz (2011 Remaster)",1978-11-10,56,5,0,61,10,70,-5,F Major,4,5T8EDUDqKcs6OSOwEsfqG7,GBUM71029610
72,"Uptown Funk (feat. Bruno Mars)","Mark Ronson,Bruno Mars",115,8B,61,2026-01-13,04:29,86,"","Uptown Special",2015-01-12,86,1,0,93,0,0,-7,C Major,4,32OlwWuMpZ6b0aN2RZOeMS,GBARL1401524
73,"Gangsta's Paradise","Coolio,L.V.",80,4B,51,2026-01-13,04:00,88,"west coast hip hop, g-funk, ","Gangsta's Paradise",1995-11-07,65,7,0,39,0,40,-10,G#/A♭ Major,4,1DIXPcTDzTj8ZMHt3PDt8p,USTB10400128
74,"The Bridge of Khazad Dum","Howard Shore",84,4A,49,2026-01-09,05:57,54,"soundtrack, score","The Lord of the Rings: The Fellowship of the Ring (Original Motion Picture Soundtrack)",2001-11-19,30,36,91,4,0,20,-13,F Minor,4,6HYCOHzY2xR4W2dOokH3ed,USRE10102114
75,"Archangel","Thomas Bergersen,Two Steps from Hell",80,7A,96,2026-01-09,02:36,55,"orchestral","Archangel",2011-09-20,42,26,88,38,0,10,-5,D Minor,4,5HuPzwE4B81glp3UMWGfB9,USHM81164661
76,"Viva La Vida","Coldplay",138,4A,62,2026-01-07,04:02,88,"","Viva La Vida or Death and All His Friends",2008-06-06,49,10,0,42,0,10,-7,F Minor,4,1mea3bSkSGXuIRvnydlB5b,GBAYE0800265
77,"Can You Hear The Music","Ludwig Göransson",139,9A,44,2026-01-07,01:50,71,"score, soundtrack","Oppenheimer (Original Motion Picture Soundtrack)",2023-07-21,19,23,94,6,0,10,-12,E Minor,4,4VnDmjYCZkyeqeb0NIKqdA,USQ4E2204391
78,"Asgard - From  Thor: The Dark World /Score","Brian Tyler",82,8B,52,2026-01-07,01:56,35,"soundtrack, score","Thor: The Dark World (Original Motion Picture Soundtrack)",2013-01-01,28,2,98,28,0,0,-10,C Major,4,5LuenPeo98IBXOUy8r4yC0,USHR11335261
79,"Rolling in the Deep","Adele",105,4B,77,2026-01-07,03:48,81,"soft pop","21",2011-01-24,73,14,0,51,0,0,-5,G#/A♭ Major,4,4OSBTYWVwsQhGLF9NHvIbR,GBBKS1000335
80,"Call Of Duty: MW3","Brian Tyler",98,6B,39,2026-01-07,02:10,43,"soundtrack, score","Call of Duty: Modern Warfare 3 (Original Game Soundtrack)",2011-11-08,44,14,80,26,0,10,-13,A#/B♭ Major,4,6cXcW9QZQbO3Unq9aak9Xo,USZXT1127759
81,"In The End","Tommee Profitt,Fleurie,Jung Youth",88,6A,67,2026-01-05,03:54,57,"","Covers (Vol. 1)",2020-05-01,48,31,0,9,10,0,-7,G Minor,4,2cpIZ0zfnlNNwk99Hmpwpn,TCADO1871408
82,"Portals","Alan Silvestri",93,9B,51,2026-01-05,03:17,57,"soundtrack, score","Avengers: Endgame (Original Motion Picture Soundtrack)",2019-04-26,17,43,96,8,0,20,-11,G Major,4,0OVtnS3l4vThGxkdqCxN6K,USHR11939151
83,"Smooth Criminal - 2012 Remaster","Michael Jackson",118,4B,98,2026-01-05,04:17,80,"","Bad (Remastered)",1987-08-31,85,25,47,60,0,30,-4,G#/A♭ Major,4,5T7ywazdGIydr6JCW6t02j,USSM11204989
84,"Eye of the Tiger","Survivor",109,5A,44,2026-01-05,04:03,79,"","Eye Of The Tiger",1982-00-00,82,22,0,55,0,0,-15,C Minor,4,2HHtWyy5CgaQbC7XSoOb0e,USVR19300001
85,"Moneytalks","AC/DC",122,9B,90,2026-01-05,03:45,69,"rock, hard rock, classic rock, rock and roll","The Razors Edge",1990-09-24,65,0,0,41,0,10,-4,G Major,4,5u5F7qLDvZjBSktaDp4HxB,AUAP09000016
86,"Crazy","Gnarls Barkley,CeeLo Green,Danger Mouse",112,4B,54,2026-01-05,02:57,81,"","St. Elsewhere",2007-12-01,87,5,2,64,0,0,-6,G#/A♭ Major,4,1vxw6aYJls2oq3gW0DujAo,GBAHT0600202
87,"Bad Dream","Stellar",125,4B,75,2026-01-05,02:27,61,"","Bad Dream",2021-10-29,73,0,0,56,0,10,-3,G#/A♭ Major,4,4vDGc8mD9kHbC2Yy6pF6SE,QZSYP2169327
88,"It's a Long Way to the Top (If You Wanna Rock 'N' Roll)","AC/DC",136,5B,86,2026-01-05,05:02,74,"rock, hard rock, classic rock, rock and roll","High Voltage",1976-05-14,46,13,5,53,0,0,-4,D#/E♭ Major,4,7nemcVsXVFZF01iqpIIo2Y,USEW17500002
89,"Thor: The Dark World - From  Thor: The Dark World /Score","Brian Tyler",68,6B,71,2026-01-04,02:10,48,"soundtrack, score","Thor: The Dark World (Original Motion Picture Soundtrack)",2013-01-01,33,4,96,24,0,10,-10,A#/B♭ Major,4,5rQmuNRjKT6t33JlNJbc6I,USHR11335262
90,"Idea 25 - Slowed + Reverb","Gibran Alcocer,Andrea Vanzo",154,2A,17,2026-01-04,03:28,48,"","Idea 25 (Remixes)",2025-01-20,19,88,84,8,0,10,-18,D#/E♭ Minor,4,0riUnEFo7NJAmEaTGNtHt4,US38Y2502583
91,"Iron Man 3","Brian Tyler",134,10B,58,2026-01-04,02:23,53,"soundtrack, score","Iron Man 3 (Original Motion Picture Soundtrack)",2013-01-01,38,3,94,7,0,0,-12,D Major,4,7u5XBHnht6dyoRXRBb5soK,USHR11334460
92,"Stayin' Alive","Bee Gees",104,3A,54,2026-01-04,01:32,72,"disco","Staying Alive (Original Motion Picture Soundtrack)",1977-12-13,71,11,1,64,0,0,-20,A#/B♭ Minor,4,4UDmDIqJIbrW0hMBQMFOsM,GBA077700130
93,"Solas (Sped Up)","Gibran Alcocer",79,8A,45,2026-01-04,01:47,45,"","Solas (Remixes)",2023-02-17,25,95,91,46,0,10,-14,A Minor,4,4YKiBrKQvwKeaEeQEgMa1s,USANG2263913
94,"Interstellar Cornfield Chase","Hans Zimmer,Alex Gibson,Ryan Rubin,Cameron Carpenter,Rahel Senn,NDR Radiophilharmonie,Michael England",96,8A,39,2026-01-04,02:09,47,"soundtrack, score, baroque, orchestral, ","Interstellar Cornfield Chase",2019-11-29,35,1,94,10,0,0,-13,A Minor,3,0Dpd6s2c93trtEYT35y4m9,DEE861903689
95,"Fortunate Son","Creedence Clearwater Revival",133,8B,66,2026-01-04,02:20,84,"classic rock, southern rock, country rock","Willy And The Poor Boys (Expanded Edition)",1969-11-02,64,20,1,66,0,10,-8,C Major,4,4BP3uh0hFLFRb5cjsgLqDh,USC4R0817618
96,"I'm Still Standing","Elton John",177,2B,90,2026-01-04,03:03,84,"","Too Low For Zero",1983-05-30,51,36,12,77,10,10,-7,F#/G♭ Major,4,1jDJFeK9x3OZboIAHsY9k2,GBALX8300190
97,"All The Things She Said","t.A.T.u.",180,4A,83,2026-01-04,03:34,86,"","200 KM/H In The Wrong Lane (10th Anniversary Edition)",2002-00-00,53,4,1,38,0,10,-6,F Minor,4,4bJygwUKrRgq1stlNXcgMg,RUA110100098
98,"He's a Pirate","Klaus Badelt",71,6B,69,2026-01-04,01:30,67,"soundtrack","Pirates of the Caribbean: The Curse of the Black Pearl (Original Motion Picture Soundtrack)",2003-07-22,47,2,93,13,0,10,-11,A#/B♭ Major,4,08QaHlMPWuO5PUxjl61bXn,USWD10321341
99,"Centuries","Fall Out Boy",176,9A,86,2026-01-04,03:48,82,"emo, pop punk","American Beauty/American Psycho",2015-01-16,39,0,0,56,0,10,-3,E Minor,4,04aAxqtGp5pv12UXAg4pkq,USUM71412644
100,"The Avengers","Alan Silvestri",119,9B,55,2026-01-04,02:03,62,"soundtrack, score","The Avengers (Original Motion Picture Soundtrack)",2012-01-01,25,61,67,23,0,10,-8,G Major,4,5SXsXjVJCWeJuf7FHvgBYR,USHR11233664
101,"Billie Jean","Michael Jackson",117,10A,46,2026-01-04,04:53,87,"","Thriller",1982-11-30,93,2,4,88,0,0,-10,B Minor,4,7J1uxwnxfQLu4APicE5Rnj,USSM19902991
102,"Now You See Me 2 Main Titles","Brian Tyler",103,10A,60,2026-01-04,03:00,41,"soundtrack, score","Now You See Me 2 (Original Motion Picture Soundtrack)",2016-01-01,62,29,85,9,0,10,-10,B Minor,4,2kfyCVwpNexatN2NckQ34y,US3M51643802
103,"Behind Every Decision","Yehezkel Raz",70,2A,0,2026-01-04,01:45,63,"","Preludes, Book 2 - Torrents",2019-12-10,24,100,79,9,0,10,-38,D#/E♭ Minor,4,2kbruQXVXFmxxm4l75zuwy,IL6651901097
104,"Theme of Kaiju No. 8","Yuta Bandoh",85,5A,67,2026-01-04,01:30,31,"anime","Kaiju No. 8 (Music from the Original TV Series) -Pre Release-",2024-04-04,37,0,12,27,0,20,-8,C Minor,4,3JjtWlEbP63uFl0U8lfuKE,JPCO02406980
105,"Idea 7 (Slowed + Reverb)","Gibran Alcocer",71,1B,6,2026-01-04,03:03,49,"","Idea 7 (Remixes)",2024-02-09,46,99,91,19,0,0,-27,B Major,4,1TMjYr0cOiVgiDsatvsQPI,US3DF2406962
106,"Tchika Boum Sha","Collatéral",129,8B,86,2025-05-14,02:10,0,"","La Nuit (EP)",2024-04-13,38,0,32,54,0,30,-9,C Major,4,4w6UKpXVDJOx8bI0RAl7qR,FR9W12415464
107,"Ardeur","Collatéral",170,10B,89,2025-05-07,02:15,0,"","Accursia",2018-09-28,33,0,0,24,0,30,-5,D Major,4,0yviMrZ1kiBtE5tjaxmduv,FR0Z50034735
108,"Farmington","Collatéral",140,10B,86,2025-05-06,03:52,0,"","Pt. 1",2015-02-14,45,1,0,48,10,10,-7,D Major,4,461K73Uo3NelCoAswq8QDN,FR0Z50029133
109,"Bohemian Rhapsody","Queen",144,5A,40,2025-05-05,05:54,75,"classic rock, rock, glam rock","Bohemian Rhapsody (The Original Soundtrack)",2018-10-19,39,29,0,25,0,20,-10,C Minor,4,3z8h0TU7ReDPLIbEnYhWZb,GBUM71029604
110,"Entaille (ce qu'il reste de mes entrailles)","Collatéral",135,10A,91,2025-05-05,02:59,0,"","Pt. 1",2015-02-14,67,1,0,65,0,30,-6,B Minor,4,5uRmNGvSjCscEZ2gXjk2Lu,FR0Z50029134
111,"Somebody That I Used To Know","Gotye,Kimbra",129,8B,52,2025-05-05,04:04,82,"","Making Mirrors",2011-01-01,87,55,0,75,0,10,-7,C Major,4,1qDrWA6lyx8cLECdZE7TV7,AUZS21100040
112,"Skyfall","Adele",77,5A,53,2025-05-04,04:46,33,"soft pop","Lo Esencial de 1 Año de Éxitos, Vol. 5",2015-06-09,33,42,0,7,0,10,-7,C Minor,4,1gL3uxdq2NRLNLHtvai0kQ,GBBKS1200164
113,"House of the Rising Sun","The Animals",117,8A,48,2025-03-27,04:29,22,"classic rock","60 Hits of the 60s",2016-11-04,32,0,0,30,0,0,-9,A Minor,3,03i76EvpujI0LuyyK33teC,GBAYE6400209
114,"Ironic","Alanis Morissette",171,1B,64,2025-01-07,03:48,63,"","The Collection (Standard Edition)",2005-11-11,46,25,0,29,0,10,-6,B Major,4,29YBihzQOmat0U74k4ukdx,USMV20500296
115,"Imagine - Remastered 2010","John Lennon",76,8B,26,2025-01-07,03:07,79,"christmas","Imagine",1971-09-09,55,91,18,17,0,0,-12,C Major,4,7pKfPomDEeI4TPT6EOYjn9,GBAYE1000769
116,"La seine","French Café Ensemble",113,7A,89,2024-12-14,02:44,38,"french jazz","On aime la variété française",2018-04-14,61,22,0,43,0,10,-5,D Minor,4,4B2nzd1WnA9wBKWqH2guZD,FR80T1100778
117,"There's Nothing We Can Do","Enbella",91,6B,20,2024-12-01,03:20,0,"","There's Nothing We Can Do",2023-11-01,69,89,0,45,0,20,-17,A#/B♭ Major,4,6wSAnfGWpTHXm4c6zSm6XO,FRDKW2321234
118,"Amour Plastique - There is nothing we can do","ImXgine,GUTZ",108,9A,31,2024-12-01,01:02,52,"","Amour Plastique (There is nothing we can do)",2021-00-00,69,74,0,43,0,60,-14,E Minor,4,0AYMRvZbMZ5hkcX4NtFINU,QZLBC2328721
119,"Boulevard of Broken Dreams","Green Day",167,4B,58,2024-11-20,04:20,79,"punk, pop punk","American Idiot (20th Anniversary Deluxe Edition)",2024-10-25,51,0,0,61,0,0,-8,G#/A♭ Major,4,0U87auHx1iZTEFcq9KVdmO,USRE11200337
120,"Boulevard of Broken Dreams","Green Day",167,4B,68,2024-11-20,04:21,74,"punk, pop punk","Boulevard of Broken Dreams",2004-00-00,49,0,0,51,0,0,-4,G#/A♭ Major,4,1hwJKpe0BPUsq6UUrwBWTw,USRE10401426
121,"Voilà","Barbara Pravi",136,7A,35,2024-11-11,02:57,66,"chanson, french pop","On n’enferme pas les oiseaux",2021-08-27,44,79,0,61,0,20,-8,D Minor,4,0UVlOQ3EEiTVOctUOnJ00w,FRUM72001645
122,"Voilà","Barbara Pravi",135,7A,34,2024-11-11,02:56,68,"chanson, french pop","Voilà",2020-11-06,45,77,0,60,0,30,-9,D Minor,4,1uAOCTevGnyKIDbgZdOCnE,FRUM72001645
123,"Shark Attack","John Williams",128,3B,14,2024-11-08,01:16,30,"soundtrack, score","Jaws (The Collector's Edition Soundtrack)",2000-06-24,37,48,80,4,0,10,-16,C♯/D♭ Major,4,4fMHYXLvnC0MFllGGL0Gq7,GBBBB4600005
124,"Les dents de la mer (Thème)","Musique De Film",97,12B,44,2024-11-08,02:36,19,"","Musiques de films : 40 titres d'anthologie",2009-01-01,38,86,68,12,0,10,-7,E Major,4,1k9u3TD3vpieVIOdB8ksoV,FRY510990046
125,"Let Her Go","Passenger",75,9B,55,2024-11-02,04:12,75,"folk pop","All The Little Lights",2012-08-28,48,37,0,24,0,10,-7,G Major,4,1KxwZYyzWNyZSRyErj2ojT,GBMQN1200012
126,"Formidable","Stromae",71,9A,63,2024-10-31,03:33,50,"french pop","Racine Carrée (Standard US Version)",2013-01-01,51,10,0,50,10,10,-9,E Minor,4,382n05RtneO3ykQlFQrAd1,BET671300161
127,"Papaoutai","Stromae",116,3A,81,2024-10-31,03:52,59,"french pop","Racine Carrée (Standard US Version)",2013-01-01,73,3,0,25,0,0,-7,A#/B♭ Minor,4,1QFw2xxyQtgKjlrMCEqsNj,BET671300160
128,"Un homme debout","Variété Française",95,4B,82,2024-10-25,03:20,5,"variété française, chanson","On aime la variété française",2018-04-14,62,52,0,77,0,10,-3,G#/A♭ Major,3,27op6c6cn3UlPv34knXRMq,FR80T1600408
129,"Un homme debout","Claudio Capéo",95,4B,58,2024-10-25,03:26,59,"variété française, french pop, chanson","Claudio Capéo (Version deluxe)",2016-11-11,80,65,0,83,0,10,-5,G#/A♭ Major,3,0OgXPbATscAIQscpu4QffP,FR7S01600100
130,"Formidable","Stromae",71,9A,63,2024-10-22,03:33,73,"french pop","racine carrée",2013-01-01,51,10,0,50,10,10,-9,E Minor,4,2AMysGXOe0zzZJMtH3Nizb,BET671300161
131,"Time","Hans Zimmer",63,9B,10,2024-10-17,04:35,74,"soundtrack, score","Inception (Music from the Motion Picture)",2010-07-09,29,18,70,4,0,0,-17,G Major,4,6ZFbXIJkuI1dVNWvzJzown,USRE11000577
132,"Murph","Hans Zimmer",58,8B,12,2024-10-17,11:20,48,"soundtrack, score","Interstellar (Original Motion Picture Soundtrack) [Expanded Edition]",2014-11-18,6,70,68,3,0,0,-18,C Major,4,5GQizQBj0KxTUgd3ZRzaRE,USNLR1400796
133,"Who's They?","Hans Zimmer",96,9A,2,2024-10-17,07:17,49,"soundtrack, score","Interstellar (Original Motion Picture Soundtrack) [Expanded Edition]",2014-11-18,25,99,96,3,0,0,-29,E Minor,4,2LqPmrNUWC5xo33ONwdooI,USNLR1400795
134,"Flying Drone","Hans Zimmer",96,8A,18,2024-10-17,01:53,49,"soundtrack, score","Interstellar (Original Motion Picture Soundtrack) [Expanded Edition]",2014-11-18,42,96,79,31,0,0,-23,A Minor,4,1xdoNSWRU59XRgtOgoQ1KH,USNLR1400790
135,"First Step","Hans Zimmer",71,8A,8,2024-10-17,01:47,58,"soundtrack, score","Interstellar (Original Motion Picture Soundtrack) [Expanded Edition]",2014-11-18,16,43,95,3,0,10,-19,A Minor,4,1gLLVtr9kIjmyoRzENZ11w,USNLR1400789
136,"Coward","Hans Zimmer",120,8B,26,2024-10-17,08:26,53,"soundtrack, score","Interstellar (Original Motion Picture Soundtrack) [Expanded Edition]",2014-11-18,43,24,88,4,0,20,-19,C Major,4,4GBZUZe04pHVN0TLhejCSS,USNLR1400785
137,"The Wormhole","Hans Zimmer",96,8B,5,2024-10-17,01:30,53,"soundtrack, score","Interstellar (Original Motion Picture Soundtrack) [Expanded Edition]",2014-11-18,14,56,89,2,0,0,-29,C Major,4,5tWPl23tRGaEbSz3f0lTsW,USNLR1400779
138,"Cornfield Chase","Hans Zimmer",94,8A,23,2024-10-17,02:06,77,"soundtrack, score","Interstellar (Original Motion Picture Soundtrack) [Expanded Edition]",2014-11-18,18,95,98,5,0,10,-16,A Minor,4,6pWgRkpqVfxnj3WuIcJ7WP,USNLR1400774
139,"Can't Hold Us - Live From Spotify NYC feat. Ray Dalton","Macklemore & Ryan Lewis,Ray Dalton",146,10B,88,2024-10-15,04:59,42,"","Spotify Sessions",2013-04-29,57,6,0,57,40,70,-8,D Major,4,4FQDZwcvvXpqpPMquZ6qTV,GMM881300008
140,"Can't Hold Us (feat. Ray Dalton)","Macklemore,Ryan Lewis,Macklemore & Ryan Lewis,Ray Dalton",146,10B,93,2024-10-15,04:18,65,"","The Heist (Deluxe Edition)",2012-10-09,63,3,0,88,0,10,-4,D Major,4,1ydmhnyDOWr5y0s7Vvdw5i,GMM881200002
141,"Beat It","Michael Jackson",139,2A,71,2024-10-15,04:18,84,"","Thriller",1982-11-30,78,2,0,90,0,20,-9,D#/E♭ Minor,4,3BovdzfaX4jb5KFQwoPfAw,USSM19902990
142,"Skyfall","Adele",76,5A,55,2024-10-10,04:46,86,"soft pop","Skyfall",2012-10-04,35,42,0,8,0,10,-7,C Minor,4,6VObnIkLVruX4UVyxWhlqm,GBBKS1200164
143,"Elle me dit","MIKA",126,6B,77,2024-08-30,03:38,60,"","The Origin Of Love",2012-01-01,78,5,0,46,0,0,-4,A#/B♭ Major,4,3xUhchyBGEUNAwelO2yzqp,USC7R1100001
144,"Sofia","Alvaro Soler",128,10B,71,2024-08-30,03:29,33,"","Summer Vibes 2021",2021-06-11,69,7,0,91,0,10,-6,D Major,4,4xsaMtlZzDh2LCdeU3efY6,DEUM71601055
145,"Sofia","Alvaro Soler",128,10B,73,2024-08-30,03:30,72,"","Eterno Agosto",2016-07-15,69,11,0,91,0,20,-6,D Major,4,5vj59ONIVbyhcrI8ZSwoRo,DEUM71601055
146,"FAIRY TAIL Main Theme","Yasuharu Takanashi",110,7A,90,2024-06-25,02:32,54,"anime, soundtrack"," Fairy Tail  Original Soundtrack Vol.1",2017-11-01,46,0,91,37,0,30,-4,D Minor,4,7JoZiEMrwjpD18krCV8Czo,JPPC00903987
147,"Natsu's Theme","Yasuharu Takanashi",128,9B,97,2024-06-23,01:55,44,"anime, soundtrack"," Fairy Tail  Original Soundtrack Vol.1",2017-11-01,47,0,89,36,0,10,-5,G Major,4,3rTk7Ll8NRrd2jspBFtimV,JPPC00903999
148,"Ulysse","Ridan",134,7A,42,2024-06-15,03:39,52,"variété française, chanson, french pop","L'Ange De Mon Démon",2007-03-16,87,76,0,71,0,0,-7,D Minor,4,6OPNvqvtQf9QT5zPh8wDk7,FRZ050600647
149,"Formula 1 Theme","Brian Tyler",100,4B,77,2024-06-04,03:14,62,"soundtrack, score","Formula 1 Theme",2018-03-17,51,7,87,4,0,30,-9,G#/A♭ Major,4,5r7egnfTIQjaKSGREhIky9,TCADO1803893
150,"Danza Kuduro","Don Omar,Lucenzo",130,8B,90,2024-05-11,03:18,7,"reggaeton, urbano latino, kuduro","Fast Five (Original Motion Picture Soundtrack)",2011-01-01,70,9,0,90,0,0,-6,C Major,4,4sCSUQnWQ6HJsOMjfPicdn,USUM71020778
151,"Je te laisserai des mots","Patrick Watson",133,10B,19,2024-05-11,02:40,83,"","Je te laisserai des mots",2010-09-10,30,99,50,21,0,10,-17,D Major,4,44A0o4jA8F2ZF03Zacwlwx,CA0RZ1000020
152,"Fleeting Lullaby","Ado",89,2B,91,2024-04-23,02:53,64,"j-pop, anime, vocaloid, j-rock","UTA'S SONGS ONE PIECE FILM RED",2022-08-10,52,18,0,63,10,10,-2,F#/G♭ Major,4,1pnXMEGyw85jtg9fFZf4GP,JPPO02202653
153,"Eye Of The Tiger","Survivor",107,4A,50,2024-04-22,03:53,7,"","Rocky III: Music From The Motion Picture",1982-01-01,82,24,0,61,0,0,-14,F Minor,4,65S2uk1hIun6u09QaSckn7,USEM38200099
154,"See You Again (feat. Charlie Puth)","Wiz Khalifa,Charlie Puth",80,6B,48,2024-04-20,03:49,84,"soft pop","See You Again (feat. Charlie Puth)",2015-00-00,69,37,0,28,0,0,-8,A#/B♭ Major,4,2JzZzZUQj3Qff7wapcbKjc,USAT21703595
155,"In Memoriam","Les Choristes",76,6A,16,2024-04-18,03:24,0,"","Die Kinder des Monsieur Mathieu [Original Motion Picture Soundtrack]",2012-12-28,40,97,16,17,0,10,-13,G Minor,3,2meK0D6tbStZYFuD4GDVG2,FR26S2004002
156,"In memoriam (a capella)","Bruno Coulais",78,6A,13,2024-04-18,03:13,0,"","The Chorus (Original Motion Picture Soundtrack)",2004-03-17,28,99,0,26,0,30,-14,G Minor,4,5iGlKYhXG2aS9S9pGWgJIO,FR26S2004023
157,"Back To The Future - Main Theme","Geek Music",82,3B,47,2024-04-10,03:13,31,"anime","Back To The Future - Main Theme",2017-05-11,18,58,77,6,0,30,-10,C♯/D♭ Major,4,0tkfHVBe5o4j3Pi0kYiWrx,USLZJ1767178
158,"Mission: Impossible Theme","Michael Giacchino",90,4A,57,2024-04-08,00:51,58,"soundtrack, score","Mission: Impossible III (Music From The Original Motion Picture Soundtrack)",2006-05-08,30,32,14,76,0,0,-9,F Minor,4,1FL7eUG80aeUeyMO2N4btN,US3M50673301
159,"Love Story","Indila",96,3A,26,2024-04-04,05:16,80,"french pop","Mini World",2014-01-01,38,82,0,33,0,0,-12,A#/B♭ Minor,3,6nGeLlakfzlBcFdZXteDq7,FRUM71400048
160,"My Life Is Going On (Trailer Versión)","Manel Santisteban,Cecilia Krull",110,8B,44,2024-03-29,03:16,27,"","La Casa de Papel (Soundtrack de la serie de Netflix)",2023-12-01,48,16,20,6,0,0,-15,C Major,4,0GvsgJTKd2EIpNM8OnwNiv,QZ8BZ2307268
161,"Everybody Wants To Rule The World","Tears For Fears",112,9B,80,2024-03-27,04:11,87,"new wave, synthpop","Songs From The Big Chair (Super Deluxe Edition)",1985-02-25,65,35,0,54,0,10,-12,G Major,4,4RvWPyQ5RL0ao9LPZeSouE,GBF088590110
162,"Smells Like Teen Spirit","Nirvana",117,3B,91,2024-03-27,05:01,86,"grunge, rock","Nevermind (Remastered)",1991-09-26,50,0,0,72,0,10,-5,C♯/D♭ Major,4,4CeeEOM32jQcH3eN9Q2dGj,USGF19942501
163,"Boulevard of Broken Dreams","Green Day",167,4B,68,2024-01-31,04:22,73,"punk, pop punk","Greatest Hits: God's Favorite Band",2017-11-17,50,1,0,47,0,0,-4,G#/A♭ Major,4,5GorCbAP4aL0EJ16frG2hd,USRE10400985
164,"Hey Jude","The Beatles",74,7B,63,2024-01-31,03:58,73,"classic rock, psychedelic rock","Love",2006-11-17,46,9,0,59,0,40,-7,F Major,4,1eT2CjXwFXNx6oY5ydvzKU,GBAYE0601566
165,"Counting Stars","OneRepublic",122,12A,71,2024-01-23,04:17,88,"soft pop","Native",2013-01-01,66,7,0,47,0,10,-5,C♯/D♭ Minor,4,2tpWsVSb9UEmDRxAl1zhX1,USUM71301306
166,"Let Her Go","Passenger",75,9B,55,2024-01-18,04:12,71,"folk pop","All the Little Lights (Deluxe Version)",2013-08-26,48,37,0,24,0,10,-7,G Major,4,5kWcIgj5CszKQBB0Lg7sGY,GBMQN1100004
167,"Enemy","Tommee Profitt,Beacon Light,Sam Tinnesz",125,7A,80,2023-12-30,03:10,36,"christian hip hop, ","Enemy",2023-06-02,59,34,0,7,10,0,-5,D Minor,4,01aihmCZU0ZWuzQI2n6Sk6,USUG11902929
168,"Dad’Algorhythm","Shaka Ponk",170,11A,87,2023-12-27,02:38,34,"","Dad’Algorhythm",2023-05-24,45,0,0,73,10,10,-2,F#/G♭ Minor,4,3BiY7K7qzbJ5VWZz2qgULg,FR79W2300060
169,"Can't Stop","Red Hot Chili Peppers",91,11B,94,2023-12-15,04:29,88,"funk rock, alternative rock, rock","By the Way (Deluxe Edition)",2002-07-09,62,2,0,88,0,10,-3,A Major,4,3ZOEytgrvLwQaqXreDs2Jx,USWB10201694
170,"Where Are You Now","Lost Frequencies,Calum Scott",121,11A,64,2023-11-12,02:28,77,"tropical house, soft pop","Where Are You Now",2021-07-30,67,52,0,26,10,10,-8,F#/G♭ Minor,4,3uUuGVFu1V7jTQL60S1r8z,BEHP42100067
171,"Touch Too Much","AC/DC",123,9B,91,2023-10-15,04:26,65,"rock, hard rock, classic rock, rock and roll","Highway to Hell",1979-07-27,52,4,0,61,10,30,-4,G Major,4,2j0zExWFB0PowLOeoZosjK,AUAP07900040
172,"Rock or Bust","AC/DC",98,4B,83,2023-10-15,03:03,63,"rock, hard rock, classic rock, rock and roll","Rock or Bust",2014-11-28,57,0,0,56,0,10,-4,G#/A♭ Major,4,2vyae4DvSU2gs8OMOGwXF2,USSM11407830
173,"Rock N Roll Train","AC/DC",118,10B,93,2023-10-15,04:20,71,"rock, hard rock, classic rock, rock and roll","Black Ice",2008-10-20,55,0,1,70,0,20,-2,D Major,4,4feXJ5IC3avXsVW9WNFSag,USSM10802975
174,"Shoot to Thrill","AC/DC",141,10B,90,2023-10-15,05:18,77,"rock, hard rock, classic rock, rock and roll","Back In Black",1980-07-25,46,0,9,48,0,40,-5,D Major,4,0C80GCp0mMuBzLf3EAXqxv,AUAP08000042
175,"Back In Black","AC/DC",188,11B,70,2023-10-15,04:16,85,"rock, hard rock, classic rock, rock and roll","Back In Black",1980-07-25,31,1,1,76,0,0,-6,A Major,4,08mG3Y1vljYA6bvDt4Wqkj,AUAP08000046
176,"Thunderstruck","AC/DC",134,12B,89,2023-10-15,04:52,87,"rock, hard rock, classic rock, rock and roll","The Razors Edge",1990-09-24,50,0,1,26,0,20,-5,E Major,4,57bgtoPSgt236HzfBOd8kj,AUAP09000014
177,"Highway to Hell","AC/DC",116,11A,91,2023-10-15,03:28,87,"rock, hard rock, classic rock, rock and roll","Highway to Hell",1979-07-27,57,6,0,42,10,10,-5,F#/G♭ Minor,4,2zYzyRzz6pRmhPzyfMEC8s,AUAP07900028
178,"You Shook Me All Night Long","AC/DC",127,9B,77,2023-10-15,03:30,84,"rock, hard rock, classic rock, rock and roll","Back In Black",1980-07-25,53,0,0,76,0,30,-6,G Major,4,2SiXAy7TuUkycRVbbWDEpo,AUAP08000047
179,"Another Love","Tom Odell",123,9A,54,2023-10-15,04:04,88,"","Long Way Down (Deluxe)",2013-06-24,45,70,0,13,0,0,-9,E Minor,4,3JvKfv6T31zO0ini8iNItO,GBARL1300107
180,"Whatever - Remastered","Oasis",91,9B,90,2023-10-13,06:22,61,"britpop, madchester","Definitely Maybe (Deluxe Edition Remastered)",1994-00-00,25,4,1,31,0,30,-2,G Major,4,5OWsea313ovaQoXvsgWq79,GBQCP1400033
181,"The Masterplan","Oasis",150,9B,60,2023-10-13,05:22,58,"britpop, madchester","The Masterplan",1998-11-03,36,10,0,20,0,0,-7,G Major,4,0g1Y10aIIdJDkcSEuAq51k,GBAAW9500350
182,"Wonderwall - Remastered","Oasis",174,10B,89,2023-10-13,04:18,80,"britpop, madchester","(What's The Story) Morning Glory? (Deluxe Remastered Edition)",1995-00-00,38,0,0,43,0,10,-4,D Major,4,7ygpwy2qP3NbrxVkHvUhXY,GBQCP1400109
183,"Natural","Imagine Dragons",100,10B,61,2023-09-28,03:09,81,"","Origins (Deluxe)",2018-11-09,70,22,0,22,0,0,-6,D Major,4,2FY7b99s15jUprqC0M5NCT,USUM71806694
184,"Sunday Bloody Sunday","U2",201,2B,99,2023-09-28,04:39,54,"rock","U218 Singles",2006-01-01,34,41,0,72,10,0,-3,F#/G♭ Major,4,6qa36OkEeQqGaWlOcpjlGD,GBAAN8300034
185,"Rather Be (feat. Jess Glynne)","Clean Bandit,Jess Glynne",121,1B,59,2023-09-28,03:47,81,"","New Eyes",2014-05-09,80,16,0,55,0,10,-7,B Major,4,61dCUoMCg28qEBzrW6htYM,GBAHS1300498
186,"World's Smallest Violin","AJR",116,7B,70,2023-09-27,03:00,68,"","OK ORCHESTRA",2021-03-26,68,12,0,68,0,60,-7,F Major,4,68EkhVWIeULhHxcbi1QhzK,QMRSZ2003324
187,"Stitches","Shawn Mendes",150,3B,75,2023-09-27,03:26,7,"","Handwritten",2015-04-14,75,2,0,76,0,0,-7,C♯/D♭ Major,4,3zkWCteF82vJwv0hRLba76,USUM71500658
188,"Ho Hey","The Lumineers",80,8B,47,2023-09-21,02:43,5,"folk pop, indie folk","The Lumineers (Deluxe Edition)",2012-00-00,68,77,0,42,0,0,-9,C Major,4,1K3LRUEcUz5FMtPYyg0F45,USDMG1260805
189,"I Ain't Worried","OneRepublic",140,8B,80,2023-09-20,02:28,82,"soft pop","I Ain’t Worried (Music From The Motion Picture  Top Gun: Maverick )",2022-05-13,70,8,0,83,0,0,-6,C Major,4,4h9wh7iOZ0GGn8QVp4RAOB,USUM72206227
190,"Whatever It Takes","Imagine Dragons",135,3A,66,2023-09-20,03:21,83,"","Evolve",2017-06-23,67,4,0,56,0,10,-5,A#/B♭ Minor,4,6Qn5zhYkTa37e91HC1D7lb,USUM71703515
191,"Stronger","The Score",128,7A,68,2023-09-20,03:10,63,"","Carry On",2020-08-28,56,2,0,13,0,30,-5,D Minor,4,3CrsuTJomWZmeXIvKhV45l,USUM71813488
192,"Wonderwall","Oasis",175,10B,85,2023-09-20,04:18,76,"britpop, madchester","(What's The Story) Morning Glory?",1995-10-02,41,0,0,46,0,10,-6,D Major,4,1qPbGZqppFwLwcBC1JQ6Vr,GBAAW9500189
193,"Bones","Imagine Dragons",114,4A,75,2023-09-20,02:45,80,"","Mercury - Acts 1 & 2",2022-07-01,77,2,0,59,0,0,-4,F Minor,4,54ipXppHLA8U4yqpOFTUhr,USUM72201759
194,"Only Human","Ryan Mack",180,6A,51,2023-09-18,02:15,0,"","Only Human",2022-02-15,70,18,0,67,10,0,-7,G Minor,4,6ygnNi801EHjdr9uU3YuZE,IERZR2200001
195,"IDGAF (with blackbear)","BoyWithUke,blackbear",98,7B,73,2023-09-15,02:20,68,"","Serotonin Dreams",2022-05-06,78,43,0,88,0,20,-6,F Major,4,4ZUpTMKPYFTfJqamWFU9Zv,USUG12201227
196,"Understand","BoyWithUke",103,11A,66,2023-09-15,02:51,68,"","Serotonin Dreams",2022-05-06,83,81,0,92,10,20,-6,F#/G♭ Minor,4,6dGqGkYDoRrKh5UiIcTT22,USUG12201585
197,"Thunder","Imagine Dragons",168,8B,82,2023-09-15,03:07,85,"","Evolve",2017-06-23,60,1,13,29,0,10,-5,C Major,4,1zB4vmk8tFRmM9UULNzbLB,USUM71704167
198,"Riptide","Vance Joy",102,3B,73,2023-09-15,03:24,7,"folk pop","Dream Your Life Away (Special Edition)",2014-09-08,48,43,0,51,0,10,-7,C♯/D♭ Major,4,3JvrhDOgAt6p7K8mDyZwRd,AULI01385760
199,"Demons","Imagine Dragons",90,5B,71,2023-09-15,02:57,84,"","Night Visions",2012-09-04,50,19,0,42,0,20,-3,D#/E♭ Major,4,5qaEfEh1AtSdrdrByCP7qR,USUM71201071